{
    "mouse_speed": 2.9,
    "calibration": {
        "min_pitch": -44.96870422363281,
        "max_pitch": -23.4596004486084,
        "min_yaw": -33.191585540771484,
        "max_yaw": 23.02775001525879
    },
    "keybinds": [
        {
            "key": "Neutral",
            "gesture": {
                "name": "Neutral",
                "blendshapes": {
                    "_neutral": 1.5006556850494235e-06,
                    "browDownLeft": 0.048130497336387634,
                    "browDownRight": 0.045903656631708145,
                    "browInnerUp": 0.003671214682981372,
                    "browOuterUpLeft": 0.14261676371097565,
                    "browOuterUpRight": 0.07501526176929474,
                    "cheekPuff": 1.7533297068439424e-05,
                    "cheekSquintLeft": 2.655487492120301e-07,
                    "cheekSquintRight": 3.400967614197725e-07,
                    "eyeBlinkLeft": 0.034053415060043335,
                    "eyeBlinkRight": 0.021856777369976044,
                    "eyeLookDownLeft": 0.03404054790735245,
                    "eyeLookDownRight": 0.032304901629686356,
                    "eyeLookInLeft": 0.023954957723617554,
                    "eyeLookInRight": 0.044143810868263245,
                    "eyeLookOutLeft": 0.13981251418590546,
                    "eyeLookOutRight": 0.09877009689807892,
                    "eyeLookUpLeft": 0.1879437118768692,
                    "eyeLookUpRight": 0.19792400300502777,
                    "eyeSquintLeft": 0.2312445491552353,
                    "eyeSquintRight": 0.2203877866268158,
                    "eyeWideLeft": 0.014655353501439095,
                    "eyeWideRight": 0.01718878746032715,
                    "jawForward": 2.5174782422254793e-05,
                    "jawLeft": 0.0053115831688046455,
                    "jawOpen": 0.011637276969850063,
                    "jawRight": 8.070259355008602e-06,
                    "mouthClose": 0.003923127427697182,
                    "mouthDimpleLeft": 0.0014191551599651575,
                    "mouthDimpleRight": 0.0009962944313883781,
                    "mouthFrownLeft": 0.009400228038430214,
                    "mouthFrownRight": 0.007479225285351276,
                    "mouthFunnel": 0.00027094295364804566,
                    "mouthLeft": 0.0021389357279986143,
                    "mouthLowerDownLeft": 0.0002605235204100609,
                    "mouthLowerDownRight": 0.0002559427230153233,
                    "mouthPressLeft": 0.06254002451896667,
                    "mouthPressRight": 0.02629231847822666,
                    "mouthPucker": 0.031049922108650208,
                    "mouthRight": 0.0003546259831637144,
                    "mouthRollLower": 0.06131201609969139,
                    "mouthRollUpper": 0.011458131484687328,
                    "mouthShrugLower": 0.07777421176433563,
                    "mouthShrugUpper": 0.005926966667175293,
                    "mouthSmileLeft": 8.691587572684512e-05,
                    "mouthSmileRight": 3.2828909752424806e-05,
                    "mouthStretchLeft": 0.009866966865956783,
                    "mouthStretchRight": 0.001053003710694611,
                    "mouthUpperUpLeft": 2.7115655029774643e-05,
                    "mouthUpperUpRight": 2.8941229174961336e-05,
                    "noseSneerLeft": 6.488869530585362e-07,
                    "noseSneerRight": 8.744525530346436e-07
                }
            },
            "sensitivity": 1.0,
            "locked": true
        },
        {
            "key": "Toggle",
            "gesture": null,
            "sensitivity": 1.0,
            "locked": true
        },
        {
            "key": "Left Click",
            "gesture": {
                "name": "Open Mouth",
                "blendshapes": {
                    "_neutral": 6.612125389438006e-07,
                    "browDownLeft": 0.08619622141122818,
                    "browDownRight": 0.07918936014175415,
                    "browInnerUp": 0.002080559730529785,
                    "browOuterUpLeft": 0.07685042917728424,
                    "browOuterUpRight": 0.03869834542274475,
                    "cheekPuff": 4.58899448858574e-05,
                    "cheekSquintLeft": 3.1785208420842537e-07,
                    "cheekSquintRight": 3.413308604649501e-07,
                    "eyeBlinkLeft": 0.02426578849554062,
                    "eyeBlinkRight": 0.009620403870940208,
                    "eyeLookDownLeft": 0.04359655827283859,
                    "eyeLookDownRight": 0.0556020587682724,
                    "eyeLookInLeft": 0.026163693517446518,
                    "eyeLookInRight": 0.02887686900794506,
                    "eyeLookOutLeft": 0.13401535153388977,
                    "eyeLookOutRight": 0.12467031180858612,
                    "eyeLookUpLeft": 0.1313200145959854,
                    "eyeLookUpRight": 0.13634763658046722,
                    "eyeSquintLeft": 0.24513627588748932,
                    "eyeSquintRight": 0.14195047318935394,
                    "eyeWideLeft": 0.025100678205490112,
                    "eyeWideRight": 0.04157086834311485,
                    "jawForward": 5.886888538952917e-05,
                    "jawLeft": 0.0134234968572855,
                    "jawOpen": 0.4880518317222595,
                    "jawRight": 0.0005571969086304307,
                    "mouthClose": 0.010629811324179173,
                    "mouthDimpleLeft": 0.0025957785546779633,
                    "mouthDimpleRight": 0.0013163089752197266,
                    "mouthFrownLeft": 0.0002784158568829298,
                    "mouthFrownRight": 0.0002844018745236099,
                    "mouthFunnel": 0.01107244286686182,
                    "mouthLeft": 0.002088554436340928,
                    "mouthLowerDownLeft": 0.0036912516225129366,
                    "mouthLowerDownRight": 0.003803612431511283,
                    "mouthPressLeft": 0.0058073322288692,
                    "mouthPressRight": 0.002729947678744793,
                    "mouthPucker": 0.2520791292190552,
                    "mouthRight": 0.00045858294470235705,
                    "mouthRollLower": 0.004762451164424419,
                    "mouthRollUpper": 0.012618739157915115,
                    "mouthShrugLower": 0.002278907224535942,
                    "mouthShrugUpper": 0.004207924008369446,
                    "mouthSmileLeft": 3.390655547264032e-05,
                    "mouthSmileRight": 1.3424044482235331e-05,
                    "mouthStretchLeft": 0.0009078429429791868,
                    "mouthStretchRight": 0.00024226793902926147,
                    "mouthUpperUpLeft": 0.00014980639389250427,
                    "mouthUpperUpRight": 9.728186705615371e-05,
                    "noseSneerLeft": 9.556299573887372e-07,
                    "noseSneerRight": 9.70925157162128e-07
                }
            },
            "sensitivity": 1.1,
            "locked": false
        }
    ]
}